{
  "loss": 30063.001953125,
  "raw_loss": 27958.408203125,
  "smooth_loss": 2105.449462890625,
  "val_loss": 28897.95703125,
  "val_raw_loss": 26886.103515625,
  "val_smooth_loss": 1990.8546142578125,
  "epoch": 33,
  "global_step": 57902
}