{
  "loss": 29629.783203125,
  "raw_loss": 27564.087890625,
  "smooth_loss": 2065.664794921875,
  "val_loss": 29389.947265625,
  "val_raw_loss": 27227.029296875,
  "val_smooth_loss": 2162.923828125,
  "epoch": 38,
  "global_step": 66417
}