{
  "loss": 27694.033203125,
  "raw_loss": 25857.251953125,
  "smooth_loss": 1834.3260498046875,
  "val_loss": 28817.28125,
  "val_raw_loss": 26790.228515625,
  "val_smooth_loss": 2006.1080322265625,
  "epoch": 48,
  "global_step": 83447
}