{
  "loss": 27386.1953125,
  "raw_loss": 25515.759765625,
  "smooth_loss": 1870.4342041015625,
  "val_loss": 30036.857421875,
  "val_raw_loss": 27785.318359375,
  "val_smooth_loss": 2251.534912109375,
  "epoch": 46,
  "global_step": 80041
}